sample,mubeta0
0,1.743926356311743e-06
1,4.3264707997344975e-06
2,5.001713475190677e-07
3,1.2368406490508833e-06
4,7.760752265205633e-07
