sample,width,U,temp,CH4,DOC
0,2.5379583860663204,0.002092338594768798,22.59293915473252,6.737628350766182,840.5956549404293
1,2.929218596540384,0.0021862602113776708,23.603834101507687,4.231317543434557,974.609260575518
2,2.000147543514375,0.0023455607270430477,21.776918548979765,5.631029301612942,450.7393425273943
3,2.390009018695073,0.00239676747423067,24.336846258285593,1.4898306920928144,753.8580925354513
4,2.1893150991540757,0.002538816734003357,21.10407285415212,2.0612047419403,901.1113218368306
